Poll,Weight
19-Jul,0.939147387
19-Sep,0.798759573
19-Oct,0.685025346
19-Nov,0.846239299
19-Dec,1.21
