Poll,Weight
Jul-19,0.939147387
Sep-19,0.798759573
Oct-19,0.685025346
Nov-19,0.846239299
